ticker,company name,country,%Revenue,Relationship value(Q),Account as type,% Cost,gvkey,conm,cusip,sic,LINKPRIM,LIID,LINKTYPE,LPERMNO,LPERMCO,LINKDT,LINKENDDT,IW500,CIO,CMO,EMPLOYEE_2011,EMPLOYEE_2012,EMPLOYEE_2013,Retail,Percentchange
FDP,Fresh Del Monte Produce Inc,US,0.58%,5660000,COGS,0.05%,30443,FRESH DEL MONTE PRODUCE INC,G36738105,100,P,1,LU,85449,32130,19971024,E,0,0,0,42000,"44,000",46000,0,0.047619048
NC,NACCO Industries Inc,US,2.48%,4870000,COGS,0.04%,7938,NACCO INDUSTRIES  -CL A,629579103,1221,P,1,LU,28118,21247,19620131,E,0,1,1,5300,3900,"?4,100",0,-0.264150943
TOL,Toll Holdings Ltd,AU,1.05%,20650000,COGS,0.13%,12395,TOLL BROTHERS INC,889478103,1531,P,1,LU,70228,8372,19860708,E,0,,,,,,0,
EME,EMCOR Group Inc,US,,, ,,6223,EMCOR GROUP INC,29084Q100,1731,C,1,LU,82694,14268,19951228,E,1,0,0,25000,26000,"?27,000",0,0.04
KRFT,Kraft Foods Group Inc,US,3.37%,153170000,COGS,0.98%,12978,KRAFT FOODS GROUP INC,50076Q106,2000,P,1,LC,13598,54193,20121001,20150702,0,0,1,,23000,"22,500?",0,
CAG,Conagra Brands Inc,US,1.14%,31830000,COGS,0.26%,3362,CONAGRA BRANDS INC,205887102,2000,C,1,LC,56274,20495,19721214,E,0,0,0,23200,26100,34840,0,0.125
HAIN,Hain Celestial Group Inc/The,US,1.04%,7270000,COGS,0.06%,29609,HAIN CELESTIAL GROUP INC,405217100,2000,P,1,LU,80167,12569,19940120,E,0,0,0,2031,3720,"3,665?",0,0.831610044
BNNY,Annie's Inc,US,,, ,,197956,ANNIE'S INC,03600T104,2000,P,1,LC,13285,54007,20120328,20141020,0,0,0,85,106,129,0,0.247058824
HRL,Hormel Foods Corp,US,4.50%,98510000,COGS,0.83%,5709,HORMEL FOODS CORP,440452100,2011,P,1,LU,32870,20932,19620702,E,0,0,1,19500,19700,19800,0,0.01025641
TSN,Tyson Foods Inc,US,0.93%,93580000,COGS,0.78%,10793,TYSON FOODS INC  -CL A,902494103,2011,P,1,LC,77730,4620,19721214,E,1,0,1,115000,115000,115000,0,0
NATH,Nathan's Famous Inc,US,0.05%,14290,COGS,,7696,NATHAN'S FAMOUS INC,632347100,2013,C,1,LU,78900,11980,19930226,E,0,0,0,219,161,210,0,-0.264840183
MJN,Mead Johnson Nutrition Co,US,1.02%,11200000,COGS,0.07%,180833,MEAD JOHNSON NUTRITION CO,582839106,2020,P,1,LC,92890,53121,20090211,20170614,0,0,0,6600,6800,7200,0,0.03030303
CPB,Campbell Soup Co,US,3.34%,74540000,COGS,0.48%,2663,CAMPBELL SOUP CO,134429109,2030,P,1,LU,25320,20384,19620131,E,0,0,1,17500,17700,"20,000?",0,0.011428571
PF,Pinnacle Foods Inc,US,3.03%,19170000,COGS,0.16%,185334,PINNACLE FOODS INC,72348P104,2030,P,1,LC,13818,54346,20130328,20181031,0,0,0,,,3700,0,
THS,TreeHouse Foods Inc,US,1.39%,8000000,COGS,0.06%,163983,TREEHOUSE FOODS INC,89469A104,2030,P,1,LC,90775,46889,20050628,E,0,0,0,3900,4300,4786,0,0.102564103
LANC,Lancaster Colony Corp,US,1.64%,4270000,COGS,0.03%,6573,LANCASTER COLONY CORP,513847103,2030,P,1,LU,48523,2600,19721214,E,0,0,0,3100,3100,3100,0,0
SNAK,Inventure Foods Inc,US,3.03%,2200000,COGS,0.01%,64102,INVENTURE FOODS INC,461212102,2030,P,1,LC,84325,15210,19961206,20171229,0,0,0,448,497,?785?,0,0.109375
OFI,Overhill Farms Inc,US,,855810,COGS,0.01%,151161,OVERHILL FARMS INC,690212105,2030,P,1,LC,89549,43634,20021129,E,0,0,1,736,707,,0,-0.039402174
SJM,JM Smucker Co/The,US,3.11%,43660000,COGS,0.28%,9777,SMUCKER (JM) CO,832696405,2033,J,2,LC,77058,21629,19911031,20000828,0,0,1,4500,4850,4875,0,0.077777778
BGS,B&G Foods Inc,US,1.16%,2250000,COGS,0.02%,158743,B&G FOODS INC,05508R106,2033,P,1,LC,91977,45679,20070523,E,0,0,0,739,999,984,0,0.351826793
GIS,General Mills Inc,US,2.34%,103010000,COGS,0.85%,5071,GENERAL MILLS INC,370334104,2040,C,00X,LC,17144,20798,19500601,19620130,0,1,1,35000,35000,41000,0,0
K,Kellogg Co,US,0.48%,17350000,COGS,0.14%,6375,KELLOGG CO,487836108,2040,P,1,LU,26825,21041,19620131,E,0,0,0,30700,31000,30277,0,0.009771987
FLO,Flowers Foods Inc,US,1.12%,9920000,COGS,0.08%,4809,FLOWERS FOODS INC,343498101,2050,P,1,LC,88924,41367,20010328,E,0,1,1,9400,9800,10500,0,0.042553191
MDLZ,Mondelez International Inc,US,0.55%,46830000,COGS,0.39%,142953,MONDELEZ INTERNATIONAL INC,609207105,2052,P,1,LC,89006,41680,20010613,E,0,1,1,126000,110000,107000,0,-0.126984127
HSY,Hershey Co/The,US,2.23%,39860000,COGS,0.32%,5597,HERSHEY CO,427866108,2060,P,1,LC,16600,20906,19620131,E,0,0,1,11800,12100,"?12,600",0,0.025423729
JBSS,John B Sanfilippo & Son Inc,US,14.00%,31050000,COGS,0.24%,24755,SANFILIPPO JOHN B&SON,800422107,2060,P,1,LU,77165,11238,19911204,E,0,,,,,,0,
TR,Tootsie Roll Industries Inc,US,2.11%,2290000,COGS,0.02%,10609,TOOTSIE ROLL INDUSTRIES INC,890516107,2060,P,1,LC,14816,21763,19680102,E,0,0,1,,,,0,
PEP,PepsiCo Inc,US,1.89%,314630000,COGS,2.61%,8479,PEPSICO INC,713448108,2080,P,1,LC,13856,21384,19620131,E,0,0,0,297000,"278,000","?274,000",0,-0.063973064
KO,Coca-Cola Co/The,US,1.39%,169040000,COGS,1.40%,3144,COCA-COLA CO,191216100,2086,P,1,LU,11308,20468,19620131,E,1,0,1,5200,5100,"?5,000",0,-0.019230769
REED,Reed's Inc,US,1.16%,124230,COGS,,176378,REEDS INC,758338107,2086,P,1,LC,92449,52868,20071127,E,0,0,0,55,61,61,0,0.109090909
PRMW,Primo Water Corp,US,0.37%,119830,COGS,,20338,PRIMO WATER CORP,74167P108,2086,P,1,LU,78763,29637,19920616,E,0,0,0,3945,3960,3966,0,0.003802281
JSDA,Jones Soda Co,US,1.17%,33710,COGS,,108693,JONES SODA CO,48023P106,2086,P,1,LC,90972,48774,20051128,E,0,0,0,,,,0,
KDP,Keurig Dr Pepper Inc,US,4.51%,69020000,COGS,0.44%,28877,KEURIG DR PEPPER INC,49271V100,2090,P,1,LC,79588,12415,19930921,20160302,0,0,0,19000,19000,19000,0,0
MKC,McCormick & Co Inc/MD,US,1.20%,12710000,COGS,0.11%,7146,MCCORMICK & CO INC,579780206,2090,P,1,LC,52090,2801,19721214,E,1,0,0,9000,9000,10000,0,0
DMND,Diamond Foods Inc,US,0.80%,1620000,COGS,0.01%,163627,DIAMOND FOODS INC,252603105,2090,P,1,LC,90807,47012,20050721,20160226,0,0,0,1797,1407,1266,0,-0.217028381
FARM,Farmer Brothers Co,US,1.16%,1540000,COGS,0.01%,4579,FARMER BROTHERS CO,307675108,2090,P,1,LU,34367,1632,19721214,E,0,0,0,1820,1821,1793,0,0.000549451
BDBD,Boulder Brands Inc,US,0.45%,531350,COGS,,164408,BOULDER BRANDS INC,101405108,2090,P,2,LC,92227,52675,20070801,20160129,0,0,0,203,613,?720,0,2.019704433
UFI,Unifi Inc,US,2.30%,3950000,COGS,0.03%,10839,UNIFI INC,904677200,2200,P,1,LC,78044,4685,19721222,E,1,0,0,2700,2600,"?2,500?",0,-0.037037037
CRWS,Crown Crafts Inc,US,2.81%,732290,COGS,0.01%,3622,CROWN CRAFTS INC,228309100,2211,P,1,LU,59256,20538,19721214,E,0,0,0,153,145,140,0,-0.052287582
HAMPQ,Hampshire Group Ltd,US,0.09%,13890,COGS,,25399,HAMPSHIRE GROUP LTD,408859106,2253,P,1,LC,77685,11580,19920618,20070118,0,0,0,1100,979,758,0,-0.11
MHK,Mohawk Industries Inc,US,0.81%,16510000,COGS,0.14%,25119,MOHAWK INDUSTRIES INC,608190104,2273,P,1,LU,77496,11446,19920401,E,1,0,0,26200,25100,"32,100",0,-0.041984733
HBI,Hanesbrands Inc,US,17.00%,226300000,COGS,1.72%,175319,HANESBRANDS INC,410345102,2300,P,1,LC,91416,51096,20060906,E,0,1,1,53300,51500,49700,0,-0.033771107
CRI,Carter's Inc,US,3.44%,29240000,COGS,0.24%,150278,CARTER'S INC,146229109,2300,P,1,LC,89876,44506,20031024,E,0,0,0,8684,11786,11222,0,0.35720866
GIL,Gildan Activewear Inc,CA,2.81%,20040000,COGS,0.17%,111486,GILDAN ACTIVEWEAR INC,375916103,2300,P,1,LU,86121,34782,19980619,E,0,,,,,,0,
PVH,PVH Corp,US,0.71%,13290000,COGS,0.11%,8551,PVH CORP,693656100,2300,P,1,LC,13936,21402,19620228,E,0,0,0,10900,11800,"16,700",0,0.082568807
GIII,G-III Apparel Group Ltd,US,1.38%,5960000,COGS,0.05%,19402,G-III APPAREL GROUP LTD,36237H101,2300,P,1,LU,75905,10419,19891214,E,0,0,0,2592,3109,"6,631",0,0.199459877
TALN,Talon International Inc,US,,2, ,,66360,TALON INTERNATIONAL INC,87484F108,2300,P,1,LC,85776,34641,19980123,20071226,0,0,0,171,188,215,0,0.099415205
VFC,VF Corp,US,2.67%,96390000,COGS,0.80%,11060,VF CORP,918204108,2320,P,1,LC,43553,21849,19660725,E,1,,,,,,0,
LEG,Leggett & Platt Inc,US,0.65%,6500000,CAPEX,1.85%,6649,LEGGETT & PLATT INC,524660107,2510,P,1,LU,60943,2636,19721214,E,1,0,0,18300,18300,18800,0,0
KMB,Kimberly-Clark Corp,US,2.70%,142940000,COGS,1.14%,6435,KIMBERLY-CLARK CORP,494368103,2621,C,00X,LC,17750,21055,19500501,19620130,1,0,1,57000,58000,57000,0,0.01754386
MMM,3M Co,US,0.25%,18900000,COGS,0.16%,7435,3M CO,88579Y101,2670,P,1,LC,22592,21205,19620131,E,0,1,1,84198,87677,88667,0,0.041319271
AVY,Avery Dennison Corp,US,0.71%,10770000,COGS,0.09%,1913,AVERY DENNISON CORP,53611109,2670,P,1,LU,44601,20238,19670620,E,0,1,0,,,,0,
CSS,CSS Industries Inc,US,12.00%,9390000,COGS,0.07%,2556,CSS INDUSTRIES INC,125906107,2670,P,1,LU,67838,20362,19850930,E,0,0,0,1830,1300,1200,0,-0.289617486
QUAD,Quad/Graphics Inc,US,4.60%,53160000,SG&A,1.31%,184748,QUAD/GRAPHICS INC,747301109,2750,P,1,LC,12009,53467,20100706,E,0,1,1,24300,21400,25600,0,-0.119341564
ACCO,ACCO Brands Corp,US,1.88%,7920000,COGS,0.07%,164506,ACCO BRANDS CORP,00081T108,2780,P,2,LC,90825,47179,20050817,E,0,1,1,3800,5850,5470,0,0.539473684
JNJ,Johnson & Johnson,US,0.45%,79870000,COGS,0.67%,6266,JOHNSON & JOHNSON,478160104,2834,P,1,LC,22111,21018,19620131,E,1,0,0,117900,"127,600",128100,0,0.082273113
BMY,Bristol-Myers Squibb Co,US,0.98%,38400000,COGS,0.31%,2403,BRISTOL-MYERS SQUIBB CO,110122108,2834,C,00X,LU,19393,20331,19500101,19620130,0,0,1,27000,28000,"28,000",0,0.037037037
PRGO,Perrigo Co PLC,IE,0.26%,3480000,COGS,0.03%,24782,PERRIGO CO PLC,G97822103,2834,P,1,LU,77182,11257,19911217,E,0,1,0,,,10220,0,
TEVA,Teva Pharmaceutical Industries Ltd,IL,0.03%,1570000,COGS,0.01%,14538,TEVA PHARMACEUTICALS,881624209,2834,P,90,LC,75652,5310,19850131,E,1,,,,,,0,
MRK,Merck & Co Inc,US,,47640,COGS,,7257,MERCK & CO,58933Y105,2834,P,1,LC,22752,21188,19620102,E,1,,,,,,0,
PTE,PolarityTE Inc,US,1.56%,26560,COGS,,122916,POLARITYTE INC,731094108,2836,P,1,LC,90539,46107,20050126,E,0,0,0,84,86,61,0,0.023809524
PG,Procter & Gamble Co/The,US,2.05%,425070000,COGS,2.73%,8762,PROCTER & GAMBLE CO,742718109,2840,P,1,LU,18163,21446,19620131,E,1,1,1,129000,126000,121000,0,-0.023255814
CHD,Church & Dwight Co Inc,US,4.24%,36670000,COGS,0.24%,3026,CHURCH & DWIGHT INC,171340102,2840,P,1,LU,23393,1103,19761230,E,0,0,0,3500,4400,4200,0,0.257142857
CLX,Clorox Co/The,US,5.44%,76180000,COGS,0.49%,3121,CLOROX CO/DE,189054109,2842,P,1,LU,46578,20463,19680801,E,1,1,1,"8,100","8,400","8,400",0,0.037037037
COTY,Coty Inc,US,4.21%,49810000,COGS,0.40%,12151,COTY INC,222070203,2844,P,1,LC,13983,54444,20130613,E,0,0,1,,,"10,000",0,
REV,Revlon Inc,US,2.97%,14390000,COGS,0.12%,62290,REVLON INC  -CL A,761525609,2844,P,1,LC,82859,23373,19960229,E,0,0,0,5200,"5,100",6900,0,-0.019230769
CL,Colgate-Palmolive Co,US,0.29%,12690000,COGS,0.10%,3170,COLGATE-PALMOLIVE CO,194162103,2844,C,00X,LU,18729,20473,19500101,19620130,1,1,1,"38,600",37700,37400,0,-0.023316062
RDEN,Elizabeth Arden Inc,US,6.19%,11870000,COGS,0.10%,61763,ELIZABETH ARDEN INC,28660G106,2844,P,1,LU,82699,14262,19951221,20160930,0,1,1,"2,260","2,357","?2,440",0,0.042920354
HUN,Huntsman Corp,US,0.03%,749980,COGS,0.01%,162401,HUNTSMAN CORP,447011107,2860,P,1,LC,90558,46156,20050211,E,0,1,0,"12,000","12,000","?12,000",0,0
SMG,Scotts Miracle-Gro Co/The,US,0.91%,11070000,COGS,0.09%,20185,SCOTTS MIRACLE-GRO CO,810186106,2870,P,1,LU,77300,11324,19920131,E,0,0,1,6300,6100,"?6,200",0,-0.031746032
NKE,NIKE Inc,US,0.20%,15600000,COGS,0.13%,7906,NIKE INC  -CL B,654106103,3021,P,1,LU,57665,3194,19801202,E,0,0,1,"38,000","44,000",48000,0,0.157894737
BERY,Berry Global Group Inc,US,0.82%,10220000,COGS,0.08%,180483,BERRY GLOBAL GROUP INC,08579W103,3080,P,1,LC,13604,54198,20121004,E,0,0,0,,"15,000","?15,000",0,
SEE,Sealed Air Corp,US,0.20%,3620000,COGS,0.03%,9555,SEALED AIR CORP,81211K100,3081,P,1,LC,85926,34702,19980408,E,1,0,0,26300,"25,000","25,000?",0,-0.049429658
JAH,Jarden Corp,US,3.82%,86160000,COGS,0.71%,27980,JARDEN CORP,471109108,3089,P,1,LC,78977,12037,19930406,20160415,1,0,0,23000,25000,"?33,000?",0,0.086956522
SHOO,Steven Madden Ltd,US,10.50%,35040000,COGS,0.27%,29382,MADDEN STEVEN LTD,556269108,3140,P,1,LU,80034,12669,19931213,E,0,0,0,2370,2650,"?2,864?",0,0.11814346
CAL,Caleres Inc,US,0.64%,4080000,COGS,0.03%,2436,CALERES INC,129500104,3140,C,00X,LU,10866,20342,19491101,19620130,0,1,0,15300,"14,100",11200,0,-0.078431373
ZAGG,ZAGG Inc,US,2.07%,1380000,COGS,0.01%,177975,ZAGG INC,98884U108,3231,P,1,LC,93149,53293,20091110,E,0,0,0,215,237,137?,0,0.102325581
EPC,Edgewell Personal Care Co,US,4.75%,28720000,COGS,0.22%,133367,EDGEWELL PERSONAL CARE CO,28035Q102,3420,P,1,LC,87659,36954,20000404,E,0,0,0,,,,0,
LCUT,Lifetime Brands Inc,US,3.62%,4380000,COGS,0.04%,24099,LIFETIME BRANDS INC,53222Q103,3420,P,1,LU,76686,10959,19910605,E,0,0,0,"1,150","1,247",1247,0,0.084347826
GFF,Griffon Corp,US,0.56%,2860000,COGS,0.02%,5987,GRIFFON CORP,398433102,3420,P,1,LU,46463,20981,19680709,E,0,0,0,5900,"5,400","5,400?",0,-0.084745763
SWK,Stanley Black & Decker Inc,US,0.05%,1560000,COGS,0.01%,10016,STANLEY BLACK & DECKER INC,854502101,3540,P,1,LC,43350,21664,19660615,E,0,1,0,44700,45327,50700,0,0.014026846
HPQ,HP Inc,US,0.37%,93990000,COGS,0.78%,5606,HP INC,40434L105,3570,P,1,LC,27828,20908,19620131,E,1,1,0,"349,600",331800,317500,0,-0.050915332
STX,Seagate Technology PLC,US,0.22%,6350000,COGS,0.05%,150937,SEAGATE TECHNOLOGY PLC,G7945M107,3572,P,1,LC,89641,43807,20021211,E,1,1,1,"52,700",57900,"?53,200?",0,0.098671727
WDC,Western Digital Corp,US,0.09%,2870000,COGS,0.02%,11399,WESTERN DIGITAL CORP,958102105,3572,P,1,LC,66384,4879,19781130,E,0,0,0,65431,103111,"?85,777",0,0.575873821
SNDK,SanDisk LLC,US,0.12%,1770000,COGS,0.01%,61513,SANDISK CORP,80004C101,3572,P,1,LU,82618,14105,19951108,20160511,0,1,1,3939,"4,636","5,459?",0,0.176948464
NTGR,NETGEAR Inc,US,0.98%,3460000,COGS,0.03%,154039,NETGEAR INC,64111Q104,3576,P,1,LC,89800,44176,20030731,E,1,1,0,791,850,"1,029?",0,0.074589128
LXK,Lexmark International Inc,US,0.59%,5020000,COGS,0.04%,61552,LEXMARK INTL INC  -CL A,529771107,3577,P,1,LC,82643,31197,19951115,20161129,0,0,0,13300,12200,12000,0,-0.082706767
CREAF,Creative Technology Ltd/Singapore,SG,0.43%,97190,COGS,,25773,CREATIVE TECHNOLOGY LTD,Y1775U107,3577,P,1,LC,78775,11649,19920804,20070831,0,,,,,,0,
DOV,Dover Corp,US,0.05%,976240,CAPEX,0.27%,4058,DOVER CORP,260003108,3585,P,1,LC,25953,20596,19620131,E,0,1,0,34000,"35,000","37,000?",0,0.029411765
LII,Lennox International Inc,US,,, ,,122380,LENNOX INTERNATIONAL INC,526107107,3585,P,1,LU,87034,35177,19990729,E,0,1,0,12400,12000,9700,0,-0.032258065
GNRC,Generac Holdings Inc,US,0.29%,897190,CAPEX,0.25%,183736,GENERAC HOLDINGS INC,368736104,3621,P,1,LC,93246,53339,20100211,E,0,0,1,"2,223",3048,"3,380?",0,0.371120108
WHR,Whirlpool Corp,US,0.55%,27570000,COGS,0.23%,11465,WHIRLPOOL CORP,963320106,3630,P,1,LC,25419,21916,19620131,E,1,0,0,68000,68000,69000,0,0
HELE,Helen of Troy Ltd,US,9.00%,32520000,COGS,0.25%,5572,HELEN OF TROY LTD,G4388N106,3634,C,1,LU,41452,2116,19760709,E,0,0,0,1443,1458,"?1,495",0,0.01039501
SODA,SodaStream International Ltd,IL,0.66%,660040,COGS,0.01%,185769,SODASTREAM INTERNATIONAL LTD,M9068E105,3634,P,1,LC,12405,53580,20101103,20181231,0,,,,,,0,
LYTS,LSI Industries Inc,US,1.10%,753250,COGS,0.01%,6527,LSI INDUSTRIES INC,50216C108,3640,P,1,LU,89456,7459,19850312,E,0,0,0,"1,200","1,246",1235,0,0.038333333
MSN,Emerson Radio Corp,US,51.00%,9730000,COGS,0.08%,4322,EMERSON RADIO CORP,291087203,3651,C,1,LC,60177,1519,19751201,19930929,1,0,0,63,55,?42,0,-0.126984127
HAR,Harman International Industries Inc,US,0.12%,2050000,COGS,0.02%,12788,HARMAN INTERNATIONAL INDS,413086109,3651,P,1,LU,75224,8741,19861114,20170331,0,1,1,10103,"11,366","12,221?",0,0.125012373
SKUL,Skullcandy Inc,US,0.43%,197600,COGS,,186345,SKULLCANDY INC,83083J104,3651,P,1,LC,12922,53851,20110720,20161031,0,0,0,290,335,295,0,0.155172414
SMDM,Singing Machine Co Inc/The,US,0.43%,11670,COGS,,30964,SINGING MACHINE CO INC,829322304,3651,P,1,LC,88937,13422,20010308,20090706,0,0,1,27,23,?26,0,-0.148148148
PLT,Plantronics Inc,US,0.02%,32040,COGS,,8633,PLANTRONICS INC,727493108,3661,C,1,LC,80185,30106,19940120,E,1,1,1,"3,100",3400,3400,0,0.096774194
AAPL,Apple Inc,US,0.09%,47550000,COGS,0.39%,1690,APPLE INC,37833100,3663,P,1,LU,14593,7,19801212,E,0,1,1,"60,400",72800,80300,0,0.205298013
GILT,Gilat Satellite Networks Ltd,IL,,, ,,28236,GILAT SATELLITE NETWORKS LTD,M51474118,3663,P,1,LU,78971,12044,19930326,E,0,,,,,,0,
TXN,Texas Instruments Inc,US,0.07%,2110000,COGS,0.02%,10499,TEXAS INSTRUMENTS INC,882508104,3674,P,1,LC,15579,21737,19620228,E,1,0,0,34759,34151,32209,0,-0.017491873
XIDEQ,Exide Technologies,US,0.80%,5520000,COGS,0.05%,13634,EXIDE TECHNOLOGIES,302051206,3690,P,3,LC,90196,28305,20040506,20150430,0,0,0,"9,628","9,628","8,986?",0,0
APTV,Aptiv PLC,IE,0.04%,1720000,COGS,0.01%,118122,APTIV PLC,G6095L109,3714,P,1,LC,86591,34988,19990205,20051010,0,1,0,"104,000","118,000","117,000?",0,0.134615385
GRMN,Garmin Ltd,CH,1.16%,9320000,COGS,0.07%,141459,GARMIN LTD,H2906T109,3812,P,1,LC,88837,41059,20001208,E,0,0,0,"9,229","9,777",10086,0,0.059378047
DHR,Danaher Corp,US,0.26%,13400000,COGS,0.11%,3735,DANAHER CORP,235851102,3826,C,00X,LC,49680,20557,19700101,19700129,0,0,0,"59,000",63000,66000,0,0.06779661
MEAD,Meade Instruments Corp,US,2.29%,64120,COGS,,64595,MEADE INSTRUMENTS CORP,583062203,3827,P,1,LU,84746,15429,19970409,E,0,0,0,159,112,,0,-0.295597484
FOSL,Fossil Group Inc,US,1.07%,7740000,COGS,0.07%,28118,FOSSIL GROUP INC,34988V106,3873,P,1,LC,79089,12074,19930408,E,0,0,0,"13,100","14,000","?14,600",0,0.06870229
MAT,Mattel Inc,US,8.30%,125000000,COGS,0.98%,7116,MATTEL INC,577081102,3942,C,1,LU,39538,21168,19630812,E,0,1,1,28000,28000,29000,0,0
JAKK,JAKKS Pacific Inc,US,12.10%,40650000,COGS,0.33%,62745,JAKKS PACIFIC INC,4.70E+110,3942,P,1,LU,83520,14582,19960502,E,0,1,1,865,828,758,0,-0.042774566
HAS,Hasbro Inc,US,8.00%,85540000,COGS,0.67%,5518,HASBRO INC,418056107,3944,P,1,LU,52978,20887,19710811,E,0,0,1,"5,900",5500,5000,0,-0.06779661
LF,LeapFrog Enterprises Inc,US,10.00%,8480000,COGS,0.07%,148410,LEAPFROG ENTERPRISES INC,52186N106,3944,P,1,LC,89471,43346,20020725,20160429,0,0,1,494,552,579?,0,0.117408907
MCZAF,Mad Catz Interactive Inc,US,0.43%,70870,COGS,,29627,MAD CATZ INTERACTIVE INC,556162105,3944,P,1,LU,87209,35272,19990914,E,0,0,0,272,256,227,0,-0.058823529
ELY,Callaway Golf Co,US,0.23%,530240,COGS,,24978,CALLAWAY GOLF CO,131193104,3949,P,1,LU,77366,29432,19920228,E,0,0,0,"2,100",1500,1700,0,-0.285714286
NWL,Newell Brands Inc,US,3.75%,53380000,COGS,0.43%,7875,NEWELL BRANDS INC,651229106,3990,P,1,LC,60986,3178,19721214,E,1,0,0,"19,900",18300,"18,300?",0,-0.08040201
SUMR,Summer Infant Inc,US,11.00%,5650000,COGS,0.04%,176874,SUMMER INFANT INC,865646103,3990,P,1,LC,91909,52000,20070307,E,0,0,1,,,,0,
KIDBQ,Kid Brands Inc,US,3.08%,1170000,COGS,0.01%,9289,KID BRANDS INC,49375T100,3990,P,1,LC,66050,21538,19840329,E,0,0,0,320,300,300?,0,-0.0625
UNP,Union Pacific Corp,US,2.78%,150700000,COGS,1.27%,10867,UNION PACIFIC CORP,907818108,4011,P,1,LU,48725,21810,19690716,E,0,0,1,44861,45928,46445,0,0.023784579
KNX,Knight-Swift Transportation Holdings Inc,US,,, ,,30861,KNIGHT-SWIFT TRPTN HLDGS INC,499049104,4213,P,1,LC,80987,13394,19941025,20170908,1,0,0,17400,17600,19600,0,0.011494253
LEAP,Leap Wireless International Inc,US,,, ,,114484,LEAP WIRELESS INTL INC,521863308,4812,P,4,LC,90733,16283,20050629,20140331,0,1,1,3891,"3,292",2984,0,-0.153945001
VZ,Verizon Communications Inc,US,,, ,,2136,VERIZON COMMUNICATIONS INC,92343V104,4812,P,1,LC,65875,20288,19831130,E,1,1,0,"193,900",183400,"?176,800",0,-0.054151625
TGNA,TEGNA Inc,US,0.40%,6040000,COGS,0.05%,4988,TEGNA INC,87901J105,4833,P,1,LC,47941,20782,19690310,E,0,0,1,31000,30700,31600,0,-0.009677419
CALL,magicJack VocalTec Ltd,IL,,, ,,185276,MAGICJACK VOCALTEC LTD,M6787E101,4899,P,1,LC,90982,14348,20110523,20181130,0,0,0,66,61,60,0,-0.075757576
ORBC,ORBCOMM Inc,US,,, ,,175004,ORBCOMM INC,68555P100,4899,P,1,LC,91618,51454,20061103,E,0,1,1,136,162,?186,0,0.191176471
IM,Ingram Micro Inc,US,0.04%,4510000,COGS,0.04%,63919,INGRAM MICRO INC,457153104,5045,P,1,LC,84168,31798,19961101,20161205,1,1,0,15500,20800,21800,0,0.341935484
ABC,AmerisourceBergen Corp,US,0.15%,48440000,COGS,0.39%,31673,AMERISOURCEBERGEN CORP,3.07E+108,5122,P,1,LC,81540,13650,19950404,E,1,0,0,10300,14500,"?13,000",0,0.40776699
MCK,McKesson Corp,US,0.01%,5130000,COGS,0.04%,7171,MCKESSON CORP,58155Q103,5122,P,1,LC,81061,30521,19941201,E,1,1,1,37700,"43,500","42,800?",0,0.153846154
PBH,Prestige Consumer Healthcare Inc,US,2.01%,2930000,COGS,0.02%,162335,PRESTIGE CONSUMER HEALTHCARE,74112D101,5122,P,1,LC,90564,46162,20050210,E,0,0,0,105,117,?155,0,0.114285714
UNFI,United Natural Foods Inc,US,0.37%,7430000,COGS,0.06%,63927,UNITED NATURAL FOODS INC,911163103,5140,P,1,LU,84275,15108,19961101,E,0,1,0,6900,"7,000","7,300?",0,0.014492754
DXLG,Destination XL Group Inc,US,2.81%,2930000,COGS,0.02%,13381,DESTINATION XL GROUP INC,25065K104,5651,P,1,LC,11379,9222,19870602,E,0,0,0,"2,446",2446,"2,374?",1,0
SBUX,Starbucks Corp,US,0.12%,5720000,COGS,0.05%,25434,STARBUCKS CORP,855244109,5812,P,1,LU,77702,11592,19920626,E,1,0,0,149000,"160,000",182000,1,0.073825503
JMBA,Jamba Inc,US,0.12%,67180,COGS,,164255,JAMBA INC,47023A309,5812,P,2,LC,90795,46888,20050728,20180928,0,0,0,"4,900",4300,"4,000?",1,-0.12244898
BAGL,Einstein Noah Restaurant Group Inc,US,0.04%,38470,COGS,,62330,EINSTEIN NOAH RESTAURANT GRP,28257U104,5812,P,1,LU,83152,14328,19960201,20141128,0,0,0,"6,506","6,912",6824,1,0.062403935
BKS,Barnes & Noble Inc,US,0.06%,662490,COGS,0.01%,28924,BARNES & NOBLE INC,67774109,5940,P,1,LU,79667,29955,19930928,20190830,0,0,0,"30,000",30000,28000,1,0
SIG,Signet Jewelers Ltd,US,2.81%,42960000,COGS,0.36%,15520,SIGNET JEWELERS LTD,G81276100,5944,P,1,LC,12076,9857,19880713,E,0,1,1,16555,"17,877",18179,1,0.079855029
QRTEA,Qurate Retail Inc,US,0.05%,1090000,COGS,0.01%,174147,QURATE RETAIL INC,74915M100,5961,J,2,LC,91278,41998,20060510,E,0,0,0,20077,22078,23079,1,0.099666285
LQDT,Liquidity Services Inc,US,,, ,,166213,LIQUIDITY SERVICES INC,53635B107,5961,P,1,LC,91095,50297,20060223,E,0,0,0,692,965,1020,1,0.394508671
PERFQ,Perfumania Holdings Inc,US,0.74%,1360000,COGS,0.01%,183421,PERFUMANIA HOLDINGS INC,71376C100,5990,P,1,LC,77186,11266,20080811,20171012,0,1,0,"2,025","2,269",2287,1,0.120493827
LOGN,Logitech International SA,CH,1.01%,4730000,COGS,0.04%,60845,LOGANSPORT FINANCIAL CORP,541209102,6035,P,1,LU,81718,13775,19950614,20040715,0,0,0,"9,000",7700,"?6,527?",0,-0.144444444
MA,Mastercard Inc,US,,, ,,160225,MASTERCARD INC,57636Q104,6099,P,1,LC,91233,50700,20060525,E,0,0,0,"6,700",7500,"8,200?",0,0.119402985
UNH,UnitedHealth Group Inc,US,0.19%,68120000,COGS,0.57%,10903,UNITEDHEALTH GROUP INC,91324P102,6324,P,1,LC,92655,7267,19841017,E,1,0,0,99000,133000,"?156,000",0,0.343434343
ICON,Iconix Brand Group Inc,US,7.00%,6390000,COGS,0.05%,20204,ICONIX BRAND GROUP INC,451055305,6794,C,1,LU,76215,10467,19900122,E,0,0,0,129,148,?151,0,0.147286822
MDCA,MDC Partners Inc,US,,, ,,20570,MDC PARTNERS INC,552697104,7311,C,1,LC,81527,30875,19950417,E,0,0,0,6810,"7,984","7,218?",0,0.172393539
WPP,WPP PLC,GB,,, ,,14605,WPP PLC,92937A102,7311,P,90,LC,11845,9646,19871229,E,0,,,,,,0,
ORCL,Oracle Corp,US,0.06%,6020000,CAPEX,1.71%,12142,ORACLE CORP,68389X105,7370,P,1,LC,10104,8045,19860312,E,1,0,0,108000,"115,000","120,000?",0,0.064814815
NCR,NCR Corp,US,0.10%,1470000,CAPEX,0.68%,7648,NCR CORP,6.29E+112,7370,C,1,LU,84372,31832,19970102,E,1,0,0,23500,25700,"?29,300?",0,0.093617021
GAIA,Gaia Inc,US,29.30%,12210000,COGS,0.09%,125601,GAIA INC,36269P104,7370,P,1,LC,87321,17298,19991029,E,0,0,0,289,321,267,0,0.110726644
P,Pandora Media LLC,US,1.22%,3500000,SG&A,0.09%,186520,PANDORA MEDIA INC,698354107,7370,P,1,LC,12873,53811,20110615,20190131,0,0,0,530,740,"?1,069",0,0.396226415
ADBE,Adobe Inc,US,0.79%,8440000,COGS,0.07%,12540,ADOBE INC,00724F101,7370,P,1,LC,75510,8476,19860813,E,0,1,1,9925,"11,144","?11,847",0,0.122821159
TWTR,Twitter Inc,US,0.59%,2820000,SG&A,0.06%,18872,TWITTER INC,90184L102,7370,P,1,LC,14295,54638,20131107,E,0,0,0,,,"?2,712?",0,
RAX,Rackspace Hosting Inc,US,0.37%,1790000,SG&A,0.04%,179925,RACKSPACE HOSTING INC,750086100,7370,P,1,LC,92765,53068,20080808,20161103,1,0,0,"10,027","9,988","9,628?",0,-0.003889498
SPDC,Speed Commerce Inc,US,0.35%,120780,COGS,,29433,SPEED COMMERCE INC,84764T304,7370,P,1,LC,80001,12694,19931216,20160120,0,0,0,279,819,1123,0,1.935483871
EPAY,Bottomline Technologies DE Inc,US,,, ,,118223,BOTTOMLINE TECHNOLOGIES INC,101388106,7370,P,1,LU,86717,16410,19990212,E,0,1,1,880,1000,"1,100?",0,0.136363636
SCOR,comScore Inc,US,,, ,,177780,COMSCORE INC,20564W105,7370,P,1,LC,92102,52381,20070627,E,0,0,0,1012,"1,137",1180,0,0.123517787
SPSC,SPS Commerce Inc,US,,, ,,183974,SPS COMMERCE INC,78463M107,7370,P,1,LC,93356,53399,20100422,E,0,0,0,474,631,771,0,0.331223629
MSFT,Microsoft Corp,US,0.30%,60920000,COGS,0.51%,12141,MICROSOFT CORP,594918104,7372,P,1,LC,10107,8048,19860313,E,1,1,1,"90,000",94000,"99,000?",0,0.044444444
ATVI,Activision Blizzard Inc,US,3.73%,58790000,COGS,0.38%,180405,ACTIVISION BLIZZARD INC,00507V109,7372,P,1,LC,79678,12499,20080710,E,0,0,0,7300,"6,700","?6,900?",0,-0.082191781
EA,Electronic Arts Inc,US,3.03%,34170000,COGS,0.22%,16721,ELECTRONIC ARTS INC,285512109,7372,P,1,LU,75828,10303,19890920,E,1,0,0,"9,200",9300,"?8,300?",0,0.010869565
CTXS,Citrix Systems Inc,US,0.05%,460100,CAPEX,0.09%,61676,CITRIX SYSTEMS INC,177376100,7372,P,1,LU,82686,14201,19951208,E,1,0,0,"6,936",8212,"?9,166",0,0.183967705
TTWO,Take-Two Interactive Software Inc,US,0.43%,1180000,COGS,0.01%,64630,TAKE-TWO INTERACTIVE SFTWR,874054109,7372,P,1,LU,84761,15436,19970415,E,0,0,0,2235,"2,440","?2,530?",0,0.091722595
PCYG,Park City Group Inc,US,,, ,,116166,PARK CITY GROUP INC,700215304,7372,C,1,LC,12380,53561,20101102,E,0,0,0,53,48,48,0,-0.094339623
RTLX,Retalix Ltd,IL,,, ,,112413,RETALIX LTD,M8215W109,7372,P,1,LU,86285,16206,19980710,E,0,,,,,,0,
FICO,Fair Isaac Corp,US,0.64%,1340000,SG&A,0.03%,13824,FAIR ISAAC CORP,303250104,7373,P,1,LU,11533,9360,19870722,E,1,1,1,"2,023",2315,"2,482?",0,0.144340089
DWA,DreamWorks Animation LLC,US,0.04%,75160,COGS,,160912,DREAMWORKS ANIMATION SKG INC,26153C103,7812,P,1,LC,90374,45685,20041028,20160822,0,0,0,2100,"2,400","?2,200",0,0.142857143
DISK,Image Entertainment Inc,US,,, ,,14150,IMAGE ENTERTAINMENT INC,452439201,7819,P,2,LC,11873,9681,19880208,20100202,0,0,0,69,,,0,-1
TTEK,Tetra Tech Inc,US,,, ,,24783,TETRA TECH INC,88162G103,8711,P,1,LU,77191,4589,19911217,E,0,1,0,"13,000","13,000",14000,0,0
