screen_name,id,protected,followers,follow_count
Communalytic,1144776240701874178,False,236,242
Work_Lina,1232369517378056193,True,60,588
SandraCmgo,308171723,False,221,1297
abirsaha_,1045194274864877568,False,177,237
Helena_K1,1371613337293840387,False,15,271
CallieKalny,291835368,False,552,375
_mohsen_m,1260526934678740993,False,1748,692
JohnyVegasLaw,1448298926549782538,False,4,39
PrinceAduGyamf6,890840216,False,459,978
takeoutphoto,1350382315,False,2516,1903
ElaTheGrad,146938117,False,352,1108
vermouthkuo,3012116678,False,481,2278
isabellagbrown,1144697128117129216,False,121,331
UNLCommDept,348235125,False,691,2231
ZeningDuan_Ze,820469796533743616,False,105,213
oeasy102,1439365734111617029,False,2,194
Ruth66011432,1387043865710919688,False,289,4411
hyejin_youn,3216966611,False,1111,368
mansour_ameera,1410895804852850692,False,29,237
ettaboyle,470706105,False,1787,1368
DavidnLang,902634516224720896,False,806,2730
zbensonzhou,1380733836905086976,False,176,301
AmbedkarCaravan,80876565,False,82348,2398
HonglinB,1240776894288728069,False,124,421
BrianePVSamson,45545645,False,1143,3239
annjoann_jo,350552042,False,1107,4112
AryaArshia,839139788846411777,False,1042,5001
YulinYuResearch,1228794039815876608,False,334,482
sabeti_sepehr,1111785468503486464,False,306,995
SteelCityKid87,582236408,True,116,922
divyasiddarth,4917369992,False,1258,760
shagunjhaver,101576455,False,688,561
Rachel_chloe_1,1318871487609262083,False,189,2200
audelau,2421031339,False,1664,3792
RummanShikder1,1350078697521504256,False,107,705
Testingapi9,960966061414928385,False,11,377
mercedes_rss,1423739435045179392,False,14,55
ctokelly,6273062,False,1758,1335
dianeljacks,1367636269111668737,False,22,115
Peter_G_Royal,3399021279,False,129,1606
arvidmartin,2417892751,False,759,3404
OnkarSadekar,880712022547103744,False,118,453
Subhasree249,1035037308792262658,False,107,365
joely_wu,733525232489619459,False,25,240
profbohns,322921302,False,8602,5162
nic_tilly,760716437375909888,False,198,475
UTWthePodcast,1333610678519676930,False,179,318
pmannino5,1089355008854904833,False,8,1686
saiphcita,16507835,False,9609,7063
SrishtiPatil15,1268204658033557506,False,87,486
nishalsach,1120784989509971970,False,211,1442
ragazzacciorock,56832041,False,130,1199
rachelsteenblik,3092509666,True,6996,2376
jalbacutler,1333825722847260674,False,1339,1472
diptodas175,1042095274842316806,False,177,984
shahanmemon,134687994,True,118,1462
MattNicholswag,396819878,True,147,707
solicitous_sri,60892541,False,126,545
KavehKadkhoda,3261620311,False,320,1458
Lalhorr,487930296,False,1081,1209
richardhuskey,49836619,False,1408,1700
arjun_s2,2358237306,False,252,626
tuanhe_lee,2893851039,False,3,114
LINKatNU,1315700310262898688,False,29,35
yanniknoc,1070789230224384000,False,52,616
zarinahagnew,21885781,False,2369,2603
dvshah,14204987,False,2336,956
hci_vis,1321507862426910721,False,262,350
DGaff_,1301989426889977863,False,245,1203
MIT_CSAIL,82364810,False,193190,22442
James95223946,1116580317228175362,False,74,1098
feedkoko,34570530,False,1226,3999
ShawnnaBlanken3,1249290709624111104,False,164,2674
ShirinNilizadeh,157110062,False,326,606
anjalimbhatt,879405631689695239,False,684,776
MasurPhil,132455164,False,990,968
skurka_chris,1007125050951192576,False,1024,2041
erickaakcire,7863492,False,611,700
slconnaughton,2840238245,False,340,609
rodabhari,321127089,False,123,560
MariaVenetis,1062004337420001282,False,308,355
tinywitchdraws,800457671384002560,False,237,442
KM_datasci,1187350196247654400,False,155,654
baileycbenedict,791953765,False,171,141
jackienlane,1196535901788098561,False,230,217
Jiajia_20,2918322312,False,126,328
EstelleSmithPhD,864540407383937024,False,734,868
aconti6,1950581648,False,1054,713
IzTeresa,2557096664,False,20,358
adwenturous,1113909875808116739,False,115,690
TristanHotham,120600634,False,4092,3944
Tanyaty8,1059266971840200704,False,178,384
onion_technique,75654382,False,206,772
soundslikeempty,73993047,False,267,508
empirica_ly,979788202021187586,False,285,240
liltove,19330885,False,2426,2788
aaaacademtksht,1037463215741886464,True,5,1535
Mrs_Langrish,4759909872,False,656,2138
_shwetu,810863952855007232,False,210,2116
KevinReuning,156398138,False,2734,2393
HwanseokSong,1163237185254023168,False,170,272
lorenterveen,128232442,False,2352,657
rebeccakbritt,1263732952007159808,False,345,698
ZhaozheWang,785811367886479360,False,204,390
jeff_weintraub,1896003662,False,686,4743
MrsMRS_PhD,1096579249,False,509,723
ica_infosys,750428273847443461,False,641,933
tracigillig,20722541,False,310,686
AmosLightnin,342908451,False,2547,1422
CMSeg,596329565,False,1532,2800
ryn_wang,582575465,False,138,561
nzamanz,351907067,False,302,1566
drjqin,49937121,False,261,652
_katbrooks_,838522280141553664,False,199,674
HenryFromAfrica,219557776,False,631,587
pa9v40eajxRPOzu,3578057899,False,42,331
danachoii,1136534342166024192,False,43,243
graydesign,19501739,False,1270,1314
tedwelser,80375104,False,147,179
ShibbolethDude,1089195764952092672,False,7,22
DTR_DeltaLab,824798694197362689,False,275,488
CoronaDataUS,1247687216702332931,False,82,122
LiQianTay,1218550245564436480,False,529,2676
karlscottsays,3463796657,False,16580,10863
kurtluther,14915653,False,2718,1498
DrAlexMerendino,793497307673194497,False,782,1914
sabsconstantino,970229427253559296,False,111,211
yessieXIV,614861421,False,339,939
Sharon23944126,1238175165852405761,False,80,357
ChrisDobmeier,478215873,False,1127,854
anneohirsch,242747411,False,3144,1352
CaitlynJarvis,317208190,True,141,196
mpromann,125638019,False,329,864
vanatteveldt,155724548,False,851,165
CCR_OpenJournal,1233124184303316998,False,528,47
Stefania_druga,14223925,False,5389,5764
ArthurHjorth,771594014,False,464,826
DanLinna,1187977640,False,9585,8029
SierraNevadan,27164279,False,134,648
Ellie_HCI,1014511957,False,417,597
JehoonC,1036212083598098434,False,116,816
JinpingW_PSU,3841723815,False,130,421
leilabighash,50757820,False,321,1225
fadlan_anam,2914605289,False,522,5005
DrJPauly,2668115984,False,326,351
BS_Hartmann,1616964710,False,675,2064
MeganThreats,202732145,False,2792,1679
ReCODE_Health,4447032920,False,1097,1509
DanielleCorple,209280452,False,383,513
nada_ghan,107724532,True,89,592
MKennyFeister,119891457,False,170,546
alvinyxz,489348005,False,404,399
pdbrooker,889781270003277824,False,582,1474
ShainaCraftArt,33551711,False,185,205
enfascination,59819048,False,572,404
sohwng,1202509906626129920,False,97,198
caifandu,249665093,False,113,1502
RawsthorneMat,516442751,False,2676,4979
kristimward,454363225,True,56,182
lisawade,304880098,False,22952,13467
madprime,71557700,False,1757,980
saviaga,121881387,False,6327,5099
suchetaghoshal,155176391,False,1557,1064
amir_baradaran,138288828,True,5926,6698
am_piper,855617388,False,876,496
SafferPHD,2732690292,False,1062,1241
JordanTBates,1392035323,False,224,2786
jacob_c_fisher,3308228529,False,242,1315
shaheenahmedc,1120589994870095873,False,43,631
cameronpiercy,38341407,False,866,1759
AndresRodCa,1181713389501997057,False,831,1220
AlinaLungeanu,1920201936,False,135,130
christi_eden,3012820295,True,55,135
jondwright,24180552,False,158,578
madison_neurohr,1177737695633825794,False,142,459
EricCWiemer,875428132064550912,False,210,287
CommDepUB,1182645686367592448,False,350,1150
carlcolglazier,22532536,False,659,609
breniel_lemley,890331395314274304,False,310,553
windx0303,793483735018504192,False,1688,2959
ZoyNiko,1009082316394844160,False,3602,4994
SATYAMMUKHERJE1,890710574,False,279,2144
EmilioLehoucq,464906075,False,2281,1960
Networks2021,1167145117452570626,False,2753,1839
AnujaMajmundar,1056715997372014592,False,445,778
BrendanNyhan,84653850,False,92265,15626
eszter,152143,False,9568,1154
tpoell,5692212,False,1953,1733
loganex,14750886,False,801,491
rrvanderbilt,467652283,False,844,1539
soojongkim_1,3912267406,False,472,956
TeachGuz,88060423,False,2965,1810
joshurbandavis,4784804942,False,3018,1169
larryxu110,2835615098,False,198,596
MannMarcus,452672716,False,810,1415
alexandraruiz,23488711,False,2952,3132
skairam,10313732,False,1827,868
CenterforCSPAN,966335090568638464,False,1553,4776
jasonbaumgartne,70802518,False,6107,5174
semrasevi,781546644902973440,False,8202,6596
maimonecr,4771935931,False,241,511
utollwi,4807561,False,12043,13249
NickHagar,987585836,False,468,404
BrentHueth,1586185411,False,398,1725
JBabichJapan,2923689403,False,1243,2482
wrahool,56035984,False,968,828
Tiwalade_A,985556645039263745,True,239,243
rbrbrbr,7300642,False,567,2240
JohnHolbein1,289461078,False,34832,28083
tinaL___,1139160970721406976,False,308,503
devonbrackbill,50278913,False,111,1256
yixwang,4071709574,False,205,385
SarahCPila,1139584306135756800,False,82,114
dweinberger,1285451,False,26549,1353
robinc,10090732,False,741,2595
Joe_Lucero_,53763228,False,2787,4365
trappedinanegg,840293599963148288,False,140,758
IEthics,1072508497,False,9577,5851
purplelotus13,33995522,False,441,1522
e_lemmerman,1316995957,False,726,2423
SekouLRemy,1093628184,False,1418,3966
lucas_wright_,985349750,False,281,1742
FloorFiers,956680929308807168,False,222,442
kdeconomist,101779008,False,460,5001
andicat,755373,False,1847,446
Mlsif,774909,False,15934,6757
JockMcClellan,2487373103,False,966,3425
l_lululy,81647145,False,210,402
WikiWomenInRed,3283774369,False,10463,5854
cbengibson,1129399914201518080,False,1575,2418
seanmeddington,264017818,False,1376,3025
ICAOrgCom,4778920275,False,300,227
NElmqvist,411681876,False,2357,643
jssyczc,4351329012,False,111,265
AaronSchecter,1905068233,False,272,487
ICASECAC,983366304466907136,False,1400,1160
jake_fisher,28036928,False,927,853
freddy_hopp,388889413,False,402,408
NishRJ04,29021913,False,451,3551
karthik_badam,2838336587,False,331,573
WilliamsFayne,1129490740457795584,False,363,582
Burcuwaow,162340494,False,169,901
tmulpuri,239914324,False,150,1780
EPTaylor2,977769383933202432,False,57,98
epistemographer,62533,False,3254,1643
ReginaRCheng,921093951016157185,False,384,654
HemanShakeri,1378576892,False,97,309
yaxingyao,844064118,False,720,1285
kjs8918,724619058629345281,False,769,2596
NaciKarkin,626347420,False,1896,4997
Gregyang5,523192972,False,80,593
herman08015,236122410,False,4325,4999
KelliSBurns,158574496,False,2849,5000
april_cenyue,341316794,False,558,1094
letterhead234,2898009128,False,348,1283
katie_baucom,4831131757,False,1410,4865
mkramer,10232022,False,19033,13974
divy93t,75754276,False,2636,1352
bkj_comm,20922544,False,1473,4004
ffmagicbean,229622452,False,1517,1445
cjdoebele,501963187,False,722,2356
SarahMaben,404976366,False,647,1428
kanishkamisra,3229475660,False,449,507
BrettSherrick,309722709,False,376,930
samuelhardman,224825082,False,903,531
VincentR,6366042,False,1624,1255
JenniferHoewe,290151254,False,1018,1599
LambSchool,232155729,False,2107,923
SpencerDeery,9525872,False,147,704
diana_zulli,940643338167783424,False,330,355
naz_andalibi,316622190,False,3669,1832
Yuanxin_Wang_,1172161758,False,70,195
az_jacobs,579143740,False,2308,1892
nickmvincent,890345761690595328,False,348,401
erikaaiwen,1060047208098127872,False,879,5001
jmtoralc,36602303,False,4555,4999
ajgdennison,265171231,False,119,1554
acawiki,18393372,False,143,115
ophiryotam,1179684373,False,2753,1464
er_ique,1044435872274362368,False,3710,1581
JosephineLukito,24355706,False,2791,1302
gophi,14265113,False,1614,1771
george_berry,318262821,False,2332,2576
Yuxing_Wu_,1162464314,False,170,647
emillykmartinez,1054393956824424448,False,338,251
JingwenZhang,123082504,False,650,815
lucy3_li,861417356756533248,False,1749,948
notrandomid,1548283405,True,0,4828
kadreyd,92605618,False,215,354
hanlinliii,712381318051577857,False,254,349
freedomblooms,1078091359699910656,False,6,131
MaitrayeUrmi,2854090646,False,379,481
menaminiki,784310838,False,657,1108
KayleneMcClan,1085644176484691969,False,1244,643
nargesmahyar,796360974034841600,False,1211,1528
olgarithmic,2259993758,False,1634,3333
yian_yin,4418399352,False,460,820
nimishuh,1060445723919929345,False,235,474
LisaBHurwitz,883595857,False,124,155
fromthehip,6774272,False,16405,15828
moratsukamoto,267984962,False,1880,925
MishaTeplitskiy,963220649811611648,False,1479,811
Meghana_R,78246263,False,671,961
matthew_bui,103490744,False,1821,1741
EmilyEPorter,3495328160,False,150,591
lamba_manika,958046625376514048,False,1051,4075
KarynRiddle7,1352420582,False,1166,1735
LukaszSzulc,464059992,False,3609,5002
amaatouq,243804207,False,3621,1079
bridgethapner,4786151128,False,82,473
docmattweber,6758652,False,1766,3418
CamilleEndacott,1042092779986452490,False,227,381
julie_hui,240846621,False,687,569
RothSmith,366361756,False,130,128
elaragon,123695829,False,4160,2568
lizbmarquis,982724506786594818,False,564,379
niloufar_s,1047629330489036800,False,5216,2354
notconfusing,286504285,False,926,599
dashunwang,16191522,False,3664,925
alliecmorgan,815673126818299904,False,951,1245
joshuagay,9233842,False,1461,1558
liam_essig,1042438863824707584,False,277,636
jason_schmitt,113522520,False,3310,1371
andrea_caflisch,4875358156,False,112,787
yibeichan,3252350630,False,29,163
dapr12,148116431,False,522,4999
thannigan,13256982,False,1773,1387
gan_ef,1367870052,False,265,1965
JonMichaelWalls,2204794339,False,356,778
iPhiloSophia1,1023399072143749120,False,345,502
Dilrukshi_LK,2240601558,False,1086,2300
Naledgesince82,16996332,False,9130,9817
SAGEOceanTweets,955839918466531329,False,1928,1201
DanajaT,148052204,False,552,1181
Mohsen_Bahrami_,803944483742248960,False,335,1069
seejenspeak,222008219,False,1046,1051
albus931003,1391327538,True,78,351
JoseyVanOrsdale,1008726488869466113,False,39,53
CulSoc,830036570325532674,False,7840,5041
BloklandJesse,1012699933386764290,False,1470,3220
konglish4u,68770707,False,448,2482
joshuaaclark,436806727,False,444,1540
Kat_Albrecht,877180385855254532,False,643,491
apilny2,865404458,False,247,199
eolamijuwon,923594581429641216,False,537,517
BenListyg,14512581,False,995,4993
kayleachampion,2363921,False,223,1037
zack_almquist,16192510,False,930,2649
fmerhout,3546415996,False,827,1046
ParagonSci_Inc,621170614,False,957,4462
yiqinfu,18262382,False,9123,5106
eabanoz,63066940,True,93,432
taywbrown,2288529516,False,733,267
jeremiahbohr,2637299954,False,209,470
RolandAdorjani,2903570224,False,247,683
DustinStoltz,19669254,False,1987,894
Cansu_ED,268977739,False,2758,2362
balazsvedres,2742636202,False,776,1052
acmebkpsol,1003852012688105472,False,6,52
jessecshore,1585948734,False,787,824
cuihua,9700072,False,1051,1484
rasmus_kleis,1699604941,False,28784,4876
MohHosseinioun,3425191396,False,233,490
yinizhang2011,576788665,False,619,1579
brihightower,18618660,False,341,424
Sys_innovation,593041510,False,13872,6718
CommDeptMSU,929023753908047872,False,580,402
ohmybit_EN,981076429453471744,False,919,4239
tacomanbearpig,564948043,False,119,491
davidhopkinsmus,40309388,False,217,266
PamOliver1180,353153122,False,2532,677
NorthwesternGW,780082356858257409,False,3216,1220
ReaderMeter,183575679,False,6833,3705
i4oc_org,840612089626468353,False,3863,3100
Akbaritabar,359838444,False,2014,1491
AbeSanderson,980851348101935104,False,15,61
MarieLRadford,577283256,False,1163,1557
JohannJakobH,3374157063,True,407,4382
josemurilo,1347441,False,3862,3114
gclinnell,594131225,True,550,1074
Angliiii_,610226758,False,43,228
paulusm,11576052,False,897,1128
eredmil1,2723963928,False,7082,6043
MaryChayko,392737670,False,6066,4187
libbyh,1697081,False,1459,596
ssuri,17131720,False,2821,327
MattHindman,65756735,False,1672,1332
vosonlab,761799570426765312,False,329,411
dagwood,10671162,False,1490,392
onurvarol,77436536,False,3030,3686
salesforce,33612317,False,556527,148529
fionafio2334,4161642916,True,99,226
nniiicc,27761821,False,1034,2013
Atabey_Kaygun,17239073,False,1196,3328
ReveluntSong,4263507922,False,714,838
HahnJLynn,1515101016,False,4366,4286
DrLisaCorrigan,956244469,False,8010,6486
RobAckland,393352440,False,575,380
Willlum,29411815,False,1096,2639
RachelKornfield,637291291,False,357,809
novi882,97640637,True,20,27
CMCSatBU,885944485615738881,False,1971,4290
Melephant191,932531244776112128,False,3,43
jf_accountable,927760776277917697,False,0,1
BasHofstra,35031140,False,1677,1529
Thunder_Pegasus,920382519740116992,False,14,150
staeiou,14191640,False,3432,1025
JoyFLIPS,775943411064987648,False,1335,2803
j_g_easterday,380015041,False,64,255
gleemie,2493,False,10941,5770
DanielTrielli,1009383307,False,1069,2796
alicef_gentoo,6175132,False,1073,1633
dougbayless,35004775,False,138,316
KetakiSodhi,295153153,False,294,418
stat110,184543773,False,15844,4498
matteasterday,60429318,False,312,338
masssly,136761537,False,735,1737
dhillon_p,167693954,False,771,289
_pmkr,863612539,False,2162,2196
abhishekn,14941540,False,6358,4509
sara_milkes,874888295888637953,False,16,68
bgsmithphd,27256915,False,484,448
ggviscusi,140953186,False,680,3279
madsesmith,40905714,True,563,494
healspersecond,3403638472,False,178,360
altsalt,79402857,False,374,530
gpanger,13126022,False,1415,1407
nu_hci,1087921860,False,306,147
DanielReesLewis,336788031,False,208,467
bdosono,414056697,False,880,876
klakhani,11086372,False,11689,3081
katherinemsd,4843948528,False,465,392
airi_,46854762,False,1948,1777
cdphelanges,18784660,False,70,181
WikiResearch,450842550,False,15301,1516
wichinpong,382003874,False,311,815
jaketangosierra,1711971121,False,542,511
milara,17587656,False,314,204
Gerardo45420577,857933309485105152,False,0,87
aschrock,14860076,False,9265,5599
wwwehde,628158652,False,1338,2195
gperez0711,2650433961,False,2,48
scholaverse,850766935168045059,False,49,550
SawonPratiher,2594401704,False,112,914
cicon17,794587016163983362,False,257,376
JulioTellez,75118960,False,1514,4987
ryanjgallag,2584784815,False,3705,1207
__laurenbrooke,233076328,False,366,597
nettrom,23195240,False,749,1248
amyxzh,330151669,False,6164,1228
kevinbaker,14095344,False,10910,2187
icwsm,103989154,False,4596,870
AshleyW64666720,833210184474374147,False,4,79
Shugars,21719973,False,3253,1036
justin_cranshaw,143449579,False,2023,1043
VOSONsoftware,4880792912,False,130,432
analytictactoe,826367509104304128,False,65,486
makoshark,7106252,False,2954,724
NU_InfoSocial,776525851,False,128,200
In_House_Tech,700893087648899072,False,2759,3483
foucaultwelles,833373624,False,5507,1238
zhugrid,1172148360,False,1142,901
mike_pomazal,717011393338191873,False,4,12
sayamindu,17861792,False,2270,2813
sociallycompute,2756479056,False,686,1846
joemeservy,805836846852734976,False,95,632
jacobgroshek,47881149,False,9497,9509
willmarler,803654155088826375,False,348,585
lista_redes,2261831748,False,1657,3053
CindyOtis_,800713486229614597,False,35589,961
NICOatNU,1954278132,False,1754,388
russellfunk,244283811,False,170,227
lunartiko,2422107782,False,56,840
SaundraBissell,789327175115608064,False,4,28
yasssjasss,788359680846213121,False,229,686
networkrepo,2460428592,False,503,1629
jananamirah,26865388,False,7598,1173
barbourjosh,5642792,False,683,951
epimika,2298571994,False,235,239
MktShareConsult,4784828498,False,971,1858
shsannon,1358726731,False,1275,1287
melaphant19,779099437012439040,False,3,22
ica_cm,742789639933702144,False,1267,581
JFKlosterman,320461077,True,25,92
renwenzhang,2692945104,False,374,614
nsharp713,774582772736200705,False,2,78
KevinMao5,1319393941,False,6,62
satyaki30,123834795,False,347,983
jasonjones_jjj,94850603,False,524,235
BerkCDeniz,2376042122,False,611,485
socarxiv,726552444625408000,False,10589,3099
peterdodds,16174144,False,4546,4292
davidlazer,37213193,False,12286,3441
gracebene,566812856,False,90,97
nickmason_ut,1535699790,False,136,313
IUNetSci,2375509748,False,2064,1590
joshua_a_becker,62621489,False,1115,395
dgzara,16597102,False,2247,2333
SherieBrown3,3886453934,False,0,99
UAntwerpen_Comm,4060989377,False,817,635
rich9112,41840632,False,9,45
oliverhaimson,352510636,False,2604,2051
kerstinsailer,162684694,False,3280,2111
rpclair,1477670742,False,171,178
johnjhorton,137793138,False,7680,1239
TheCosmicRey,224943686,False,2326,2561
DrWoody,22416088,False,8855,5044
DominosEvanston,4253597420,False,105,1164
natematias,52332354,False,12857,5347
cryptic,7170502,False,536,764
katerinabohlec,2220997760,False,2040,4662
TechSoc_Journal,4561591534,False,16,186
groceryheist,15942325,False,378,787
FamilyCommLab,4447640659,False,153,201
inclusivetechNU,4260057441,False,258,74
TheDigitalLoft,3066010653,False,55,202
faryad_ds,212431150,False,267,388
stateofselfie,2431462603,False,98,2104
robin_dicker,527147180,False,783,4745
danielkentwood,544477575,False,297,1267
williamschirodc,4127851934,False,2,16
rongwangsna,70371720,False,469,791
gil_pulgar,3577056016,False,1371,4259
ktanaka086,1419910621,False,209,151
noshir,15160540,False,5450,2084
Toast2ourVanity,2709618013,False,74,324
PaytonMargo,3898830982,False,5,23
DrMichaelAnn,490668639,False,1105,1193
MarlonTwyman2,2336152236,False,164,159
RavonokulaZ,3732132435,False,3,42
wbbkmz,3506304140,False,53,96
Vanessa_becker,68241500,True,9,277
jd_daw,2429911829,False,1427,989
stonegeoffrey,1319086105,True,262,1565
matt_hebdon,3432283936,False,59,43
BrianSouthwell,779391072,True,2872,2866
teppofelin,165270515,False,13874,12299
jarvelam,171418783,False,349,480
wordpresstrans,3278946361,False,31,59
scott_draves,731033,False,3008,980
MobiSocCU,582772973,False,113,353
RubeHeretic,3145375974,False,217,3488
nickcbarry,3317451293,False,30,657
socdatalab,607311335,False,2846,2406
_kenny_joseph,227062815,False,844,777
MoritzBuchi,45162945,False,1334,3065
yongsung7,1645779746,False,133,133
vtraag,293983295,False,1930,945
robertmanduca,116657197,False,1785,1184
_rnbrewer,101036965,False,2840,1892
ProfShina,45351943,False,287,258
FSDevNet,3186885457,False,8,15
NitulY2N,2485696519,False,4,62
realreadyready,3214629934,False,13,439
CRP_journal,2837694282,False,985,1776
SumithKularatne,3158520397,False,8,46
jeffbigham,16136933,False,13961,4649
EskoKilpi,18836209,False,12290,2161
marylgray,25864331,False,12169,2087
soyoung1017,188733487,False,16,99
ludist,25059647,False,1149,1632
BoilerPaulie,76863112,False,654,1759
LillyBoxman,1585562827,False,79,107
braydenk,4044061,False,3193,1648
Ognyanova,75641981,False,5233,925
TylerZoellin,3108439789,False,55,339
crimny,2693663232,False,776,804
marlowja,14230631,True,206,264
AVPapachristos,1415772073,False,4957,3370
jsf00te,3070681964,False,33,58
stephen_dsci,3079290856,True,8,76
whitmanifesto,1054214660,False,96,445
Li571Li,3046732848,False,7,19
NUMEReview,3043881993,False,293,1669
ned_smith,228807035,False,1636,1017
DirkDavidson,61541649,False,503,2442
mikozlowski,146565921,False,602,1852
arndmPaul,447774930,False,209,805
Tommygunn611,154703737,False,69,341
SesayBeast,3024459717,False,45,104
CollabLabNU,2986831175,False,50,63
eharburg,232243874,False,506,357
cfiesler,194203770,False,17026,1423
phdkurt,348717635,False,55,159
almh42460126,2971737991,False,17,153
DeltaLabNU,1862291760,False,769,656
Noleli,15758490,False,966,678
MeghanMBiro,22634164,False,136524,94691
uigdfod,2940837931,False,6,97
jnelz,17166822,False,1893,917
SkotBotCambo,472210530,False,563,1259
comdatasci,2923870245,False,520,189
DanielMRomero,14817871,False,1229,584
NextBillion,26857202,False,105501,12339
TomNovak2113,2228216426,False,558,3956
blonde_at,2922346453,False,6,93
nathanjurgenson,66025575,False,20374,2452
razhael,14281980,False,15622,5323
lindno,22587765,False,1435,1511
fitzcn,95362174,False,267,280
MaisonneuveJohn,2907707578,False,1,35
IC2S2,2805421915,False,3511,169
DomusGoGetter,633152947,False,200,1302
halfak,85307840,False,1155,248
ktdayg,215843989,False,1565,1298
ascriptlikethis,1650837738,True,13,202
matthewheston,570377669,False,188,215
therealgrassfEd,11576532,False,231,1477
MiyaFayne,40054117,True,212,431
geosoco,90497936,False,299,1362
adhepworth,258173693,False,435,1309
youngjikim,19496657,False,395,736
slovato,6242692,False,569,364
katestarbird,19203768,False,42107,3503
amyross87,19615632,False,2767,1093
thomroulet,128947971,False,16111,8920
jsradford,34249543,False,1629,3179
SmithSharonL,29878296,False,42,201
sneha_nar,395225941,False,390,959
VolunteerSci,1131850758,False,1726,1309
emmaspiro,1384800560,False,1396,1104
priestnelson,253810056,False,0,5
ChantelleMF818,53820190,False,14,248
dore_sue,2733936399,False,0,1
ryanhuckstep,40323264,False,29,211
JANEKARENJASMIN,955632907,False,328,1796
BigDataSoc,1617603914,False,20082,2806
FooteFootemom,2695568116,False,29,173
Married2Myself9,494648454,False,38,243
thedatascilab,2341772972,False,8797,1000
Launynvegas,29957881,False,24,101
starkJared,487030287,True,150,235
overleaf,854581958,False,42160,7807
Camillewhiting,304122284,False,4743,946
UW_iSchool,748143452,False,5402,865
ZiyuLong,28779818,False,168,175
EDorranceHall,72928792,False,570,787
todrobbins,3007491,False,2599,5001
TSmieszek,576337431,False,179,594
aaronshaw,14786131,False,1282,887
PomazalPhoto,555417151,False,19,36
tsmkdk,322188248,False,149,187
jteevan,44973000,False,5192,1720
ProfFootnote,1686194185,False,178,335
dfoote58,2161523911,False,34,110
tpageMLS,182662546,False,752,1167
tallyfox,41447827,False,580,629
BayesianSNA,1418703992,False,775,464
thinkplay,41803930,False,1292,2237
KaiKuang,1897372183,False,259,234
PurdueCGSA,2361487962,False,61,67
HectorPostigo,390324992,False,795,647
ZachWilcox,20808592,False,53,176
EUSNConference,2305187539,False,553,800
SocNetAnalysts,216098950,False,3872,258
Emily__Coates,51732462,False,300,558
Aelkus,8935052,True,17819,8940
johleonard,276160064,False,23,122
witnessofjesus1,835630848,False,380,1708
suzymoat,178649929,False,3878,4313
NoPoorAmongThem,760895845,False,1731,708
smr_foundation,151934168,False,2384,1912
vouchpop,2292992406,False,10,5
naziat,38417243,True,28,154
ISCRAM_2014,2289789930,False,398,1825
tanlo184,2306630713,False,317,753
enforcer71,918151616,False,789,1845
jlinabary,16538343,True,1492,4382
_ZooKeeper_,2303264688,False,101,743
absent101absent,1597337696,False,76,658
hayden__davis,2243558114,False,243,102
botilike,479248831,False,62,561
umsi,18033550,False,11156,2161
steveotorpedo,107764266,False,10,67
BearJens,281976753,False,764,1571
mathapedia,1351300993,False,426,1788
donnarstark,2156895823,False,7,14
nskousen,26870361,False,121,314
ithinkblog,20818880,False,594,324
codybringham,1852825352,False,283,1053
visionsby,499264427,False,42,125
DrinkWithDunny,1678754798,False,2383,785
TheQuestReport,1651512710,False,172,898
sandandre1,1391212764,False,19,203
ryanharish2,979955208,False,28,165
hollykruse,28500218,False,1365,2237
Doug_Pruim,1684471531,False,965,2355
travisjones032,1684172436,False,141,616
QuoteResearch,565264651,False,12231,6812
BRATDEVILSCOMIC,1656056359,False,90,424
Dr_DaleKelly,372552986,False,14,6
smgrimes,49084636,False,3275,2725
brentmayberry,2418101,False,858,2918
veronicamilia,496093313,False,2,32
brentbtoyota,140200876,False,1211,823
sea_recruiter,1363056841,False,184,926
shakmatt,20775221,False,466,215
bkeegan,16629994,False,8125,3210
EliseMeservy,455346137,False,96,132
nodexl,87606674,False,10405,4203
__mario__,14460368,False,144,611
LUTwit13,1243556335,False,85,323
TtW_conf,216140356,False,4579,969
rslsoccertalk,625563709,False,1203,1472
edchi,9271782,False,10166,3455
JamesSlevin,25172155,True,490,859
hankersolutions,620594677,False,246,998
DehnCraig,566047872,False,95,107
sinanaral,214272214,False,57372,9859
GoCityBus,107483636,False,1911,913
marc_smith,12160482,False,12077,7242
Imagenaciones,413012316,False,1752,1263
petrmatous,28461336,False,501,182
RSL_NATION,488868177,False,2915,3053
silvenis,78937636,False,88,255
s_t_e_v_e_jones,14660532,False,4255,3244
1wordsofadvice1,829597345,False,284,1437
lovefamilylanza,801419306,False,11,62
go0348,273316751,False,36,105
HtheHamdy,791302250,False,1,22
ZaynMal13872699,774562754,False,0,27
EscondidoBand,144953048,False,2409,615
benwbrum,14234902,False,2273,1651
ranaoyola139,717669420,False,36,646
commondatageek,705109621,False,54,55
skypipermusic,107541219,False,493,1112
williamswww79,620214973,False,0,52
MitchellTheron,619826439,False,1,12
kathleenkr,23191031,False,588,526
bouncylandenter,616389505,False,24,125
acsnow9,574694381,False,17,50
pmbaker1,14948967,False,367,515
SparkedMicro,183696341,False,5571,7291
mikeriley94,506755484,False,7,41
extraordinaries,18792826,False,2628,3067
LVAttorneys,501138043,False,28,101
FolloM,87701402,True,51,414
avrilkie,457068258,False,0,6
NZServiceSpy,450646552,False,6,42
mustafakemalakc,421998223,False,3,15
benspaulding,9113402,False,240,197
themisswhit,302748189,False,183,581
liayawgarien,170221957,False,8,41
josshands,17307484,False,2085,1393
PaulMBaker,148103797,False,2350,3364
AnitaBlanchard,14333918,False,1712,1521
katypearce,93782410,False,8864,2971
tamaleaver,814881,False,6483,5170
sorapark,14992552,False,1137,1651
kstansberry,14484631,False,1172,1087
pluraldave,16837614,True,314,374
MangoMedia_io,318039006,False,109,106
bretteades,88526245,False,50,300
DavidAHood,25960136,False,12672,11494
christellevh,123250256,False,373,919
MTNWestSecurity,294398908,False,101,740
LDSVineyard,237905252,False,1552,418
FooteTyler,323363353,False,12,9
renaissanceut,243906682,False,723,1689
RSLHaiku,304389351,False,62,100
Smarter_Babies,32179980,True,320,1250
VegasDray,27723848,True,72,322
atikajamil,272892394,False,7,179
rentalic,42095430,False,5448,7092
NoiseTrade,16452055,False,47994,5945
merrymoose,42177746,False,4,6
mercadomormon,253671189,False,152,605
YeahDudeGian,60433520,True,74,210
GisellaGamez,116983885,False,103,492
PortalSUD,54172126,False,927,936
aaronalder,30464791,False,169,432
Imaginedragons,75916180,False,5683002,16600
goldenveins,114656167,False,171,494
LDSguy,21093127,False,11247,3773
marionmorlett,156462811,True,380,4701
htagency,116997139,False,200,350
joltindustries,107777825,False,5,2
PostRank,16684279,False,3106,4227
AllinAKaau,120758498,False,290,1603
sturmoor,126737523,False,3,141
Oofficial,122071256,False,14,160
wesabe,3107091,False,3350,5321
bdaviston123,92429174,False,16,121
d4vek1ng,29457567,False,43,152
partnerdev,61222916,False,216,738
ReachTChildren,76221157,False,188,284
PregnantGuide,91314515,False,565,1576
mailekeone,15779088,False,4074,2493
piece2dot0,19613202,False,12870,17442
KellyWanlass,14398746,False,1585,3047
greenlanhal74,82809076,False,20,99
MiZtYgUrl,82804357,True,1,34
ccpmabelferreyr,80109065,False,0,1
willalburg2,45287600,False,331,1812
arnthorsnaer,787047,False,817,803
jlabe,26532236,False,338,706
mattflannery,37732149,False,238893,2334
LDSPhotoBlog,47659086,False,766,561
powertwitter,18656830,False,48852,46697
indovision,44676485,False,1308,1586
royalfletcher,35323425,False,62,104
c_heuer,58510803,False,61,219
wiseclerk,18608777,False,2201,1881
thecookiemaker,13603672,False,439,680
KivaMormons,56142991,False,129,116
Lingotek,30026213,False,3630,1562
language4u,49377472,False,616,1392
jarecoo,41825978,False,55,78
smfoote,42623119,False,155,231
HollieDs,48625589,False,22,123
airin356,24205451,False,187,479
sunnnyskies,45217414,False,5,75
ericarefu,39038119,False,33,377
real_hustle,37503923,False,455,1538
ColterReed,14529713,False,533,304
itsmattmp,26383109,False,99,189
zaenozaenozaeno,20081430,False,106,602
spottedred,17515642,False,34,99
tmcconnon,17024339,False,2168,214
fr0ke,15399701,False,39,28
